coinbase-inc,37822892751006505573822118291273217378616098801247648661409594746449634517818
coinbase-global,83624644086834423643652606639858539805270308123651244973988450618621308012576
coinbase-pro,87090223223220401236117649902348321508416323450111528966337800124711075839087
coinbase-wallet,78856979578412618273106630924493157125432552785906480716400460665854875536306
coinbase-exchange,80794546056202543618731764543787130204904367136760620204924690277046272250537
coinbasecb,22357400966311627925319459800459521373131895050376733718859699425144631461419
coinbaseofficial,99721363201769342687565322562212803286450088087291672783498299083797463943056
coinbase-team,71326702860642246217484328664499687197875150711889056051579261130321862058848
coinbaseteam,57094259304343531769900467572581769821263743036159857768567188432600310428973
coinbaseapp,96353794695447187948190222456507601287856828544321424524445332374334871329888
coinbasecommerce,83576299093009114194929023173280930043920327170688144499179124078532433073735
coinbasetrade,71509194712291382054784150357274030541644748684811024170702574264766456654829
coinbaseearn,31416202194384626106241429038288022761891114765439156827714055747108802580590
coinbaseprime,93110100168162713443382345770782550333902037480006807174305024969882749856871
coinbasecustody,53519930121989008227263492045719869467216716845452489848199011865854290221385
coinbaseventures,6213361792392100963503809668467572715025880339531650515247171938664354119403
coinbasemarket,53839685705148269936390985044457580978258927106501754181399136030983749547349
coinbasesupport,77101385863786679744808508746874648201243364018820035148247899644190205319947
cbhelp,72571328837044096063228229589853138777867360849459583218478183915276475662953
cb-support,100043976052188811944587521121854317078639102874858445006898409398581593797142
coinbasehelp,55701791550087379357994367911005281264295547099661961107118943592497560281355
coinbase-care,57002503953943579482908438948524651574891032290873394940985973660591061756358
coinbase-customer-service,90655261331212244926358795938700253054290189507122257539816016001089819020874
coinbaseceo,108450714772715865680020739627974003141647774103794600574361514746880047748790
coinbasecto,103998085501694712598916490253484574931207815847562751973882915865803044855393
coinbasecoo,47970770282781039396822439118026262505897294879567951375348731113979103147865
coinbasecfo,32697658633705999886185042306543455067819921777727908166996012503084334056731
coinbasefounder,83587758914998233027363189572464911566092439234944016833537501005592563687432
coinbasecommunity,65432799566248718560544368138419440674572608128127589132455163651104017664792
coinbasenews,101974925348209791791986498143465270893741473455780628903046110732740523637697
coinbaseupdates,110940993059313527815551388437546928211938540440377469798239464267326641767701
coinbaseevents,33514444322121956091274148619193010311175442488083556696354745695280238815422
coinbaseblog,1799115995445796325974489903775515005699528418852789572950817983293019008595
coinbasesocial,48301099268151111738305843435308834631726748746070120091991321661739192576380
coinbasesecurity,35362416586665612419299579955516831300181365960816796962612742000112764588193
coinbasecompliance,15621138290131127230615792392393684737084613389502969063566328842388538945369
coinbaselegal,47608721379061808803594540180836844113009458282083231117845660213648376160599
coinbaseprivacy,35717294399900562267152742424190333606994478432315041699922134705095136033264
coinbasemarketing,14468754222293006223561246290501308766664004355800702214191888295826732889604
coinbasemedia,24436725699361497064371759737520196000795983455283491062740890541973353937691
coinbasepr,112199972383208757165042577036193458486845831828448272363416833479482418498924
coinbaseads,60209329516335304121718068389614781449530547632353313984959631649702972482970
coinbasecareers,30834906106254540624850797038457775387273360489168372914566735547253376910743
coinbasejobs,8454431802544268195893184570193563812182133947088504210664538708721319293364
coinbasenetwork,59221027915181089159461614369634816968387190467861137000794771090049862310565
coinbasetechnology,77664721645611821351295069828961777746928981768647723561782645921530977628451
coinbasedevelopment,56406580261822154070164634685588566382832114674216397562938289710356652091149
coinbaselaunch,20049722894392879673243970446843354252244252115336914786589518440596739344283
coinbaseprojects,19626993109618612831721792654781448897866914591173399799038395583529840305399
coinbaseinnovation,27277796523818504184068715886074862148532594256585774745214261600349985572174
coinbasefuture,17427986311325120628007598645104403863130217179581325870911175484698413013780
coinbasealpha,19608496714290129383602234661577974762871003462410378011889528888267961157408
coinbasebeta,34717617729014031665790972909353356524677388873950117506041395632085923109519
base-l2,109234602071681949402299620818324577131773196646615530239243811341056736956090
base-protocol,38821562437552087146394854708010010284040768588016684685665391440324749188583
base-chain,95668546114226174113294466451447037154319772847324718063338902973932370707146
base-network,37740737204452618608639870111432116325845976501226165577638306503059435124159
base-inc,11606085943642787964321363054397454491309551691464768013661913698161985827093
base-global,82168858696120495579255779962800650386369736966347578554141830986815684116479
basel2,29967221159764929113414282323975384978836366887680298870752039063949033141956
baseprotocol,73761055378679280286036942393775916382605129391803164269344460585435955777170
basechain,18592428227624777077273540196431676208014468186842959217397492572973671524790
basenetwork,93217347588302588250793112147841427719441480975622674203597440491998712463709
base-team,41382622764812278785680489381123435624854297040355133297845133168476565420816
baseapp,95145570073879357252201976091836986997486352305080888307719599122708306701896
basewallet,58518395836325357636524235391468951207045757765265832997959317940057058574397
basetrade,75543411867042804225464489381653048458130106171535398824579536718454964684888
basecommerce,3540309944775915248397040719884956536471340720335467889534203312087778876532
baseearn,100859531927142045766361714320694861622280879897315518855750823925137362639755
baseprime,83212194686095231016274283058155796273100345411221665955019593694324935343771
basecustody,80147650721592119431013776156897529916622140744043613477224126910104446904461
baseventures,54827106806962185307888266705725971325626617767537941693944232712086582225469
basemarket,43791826276436659714525097533341170637640843542815999358761762787998968984518
basesupport,107165470061877951839222266014854792317540166180522661256127596840761616598608
base-help,28841360897702036810254370109307184821473446217970615704976360208102331687010
base-customer-service,35063172781436270519318216815054484074067814199427360680501533142593800606487
base-care,95749942842784855464437768709938774203416908366243413912905248819724070172277
base-support,49097005030710725454547924260522233904990294441919057826976884324348212287
baseceo,2647938316914954851609445258820992478046919745649818049068906574860035358309
basecto,16194165920528421326850473362814945714983084556746304273202617630323147739676
basecoo,12072346604712791617625629215705200571317187499698913732856633708352661831052
basecfo,43010504478907633783403880571299897171335927572055960260853786913732081722370
basefounder,93535005816170491271874076043654455756677841618423158257007075819218257670844
basecommunity,102593703160571360719750639297144195706418872553937323026955628236779054544319
basenews,74720008039494003822659313938454078193967195399339590621693386213438560732674
baseupdates,23234873410968989112530880379190831518318519564170965011057870309768836090542
baseevents,5861191084396264204810891440302769147218276687930921570279468956610922612633
baseblog,63000025197352238530870008001421295889971975302009808058764311162821497042291
basesocial,72092791739955592429317059859494212309873355103917766159275607014729384819100
basesecurity,35361683030157068764573888524894098604308458061522334961386518617877321923761
basecompliance,30661830743880564698731277713918498740499011800370606390458199709950757880110
baselegal,8389093050719819686744352703419842800825207976901087245612505698955718583638
baseprivacy,87113566171537992088062886091563616488938309011088640477832389597589459027591
basemarketing,12322505089265890005332136851144688314330797824294108523679508452153489383715
basemedia,68637104109116562560223820835376042803061959773028146180562165057640075976039
basepr,74191646593695166408307722908870403725139079837872155784586143493651164533691
baseads,40299910004679131545988164537339581684254984877802434233379870099517208890182
basecareers,2532758139583126490903961476188624691967326815169542758501556298971892265931
basejobs,47596951717473901914510457705035449606288935629245822324458600110225224756086
basetechnology,49983881664059897771971939037933116749499011470620273204074412809132859181044
basedevelopment,22038708417527332938025990982278610311793145015907240268086812546760622195613
baselaunch,99114473349889319702874687151480196120772701249897163180770810425466545210110
baseprojects,24012874053069874849343709541227967742314194102376357558089668388239678908927
baseinnovation,87671955498584563197632228846940301203530656928057145402768920179729525567833
basefuture,13188498296228446566145659542554445417727060374707103989387357072554961259944
basealpha,90301823461495532513752080233019306409226864872882233048782385475680710591505
basebeta,67210953718954095291408935946088340293731887121280685228551352767147682878610
basecare,41685520164948536713474281234383341749529021606865453209581580432645661726692
team,102165839320078585617181750542196962320137282421573718546909270009193638902061
support,2681288802597761877877921143041629137794039410836460965293219498904471293811
helpdesk,32473236276772539259809556150491814204230872760901486992178328824275876597778
customer-service,15111603398033313081053815325317953039611623201525756084956558284215023874531
tech-support,27891119381093249536054987415767326603798043889897468290037503429436390819005
it-support,8672385056138444229742002863092917482051422892803986080950597068086982503201
sales,29638761296965759158481699435493001171593409049809446091465822397490363247900
marketing,32589919773530969118316836758851820016616755400074355638822571798660971737051
hr,601970269203004220426103245268568077474995776593991484446088395282556382534
finance,19429596031473169126486416532619376552579935825021790134055112581340644301621
legal,39971491433341102839112653688539867820768237943922741954153781242908921828771
compliance,21980429446433669895302093612685948369092646211806193559754678754288165051258
admin,109570584058932911814882329213916337771104575516230068759881284754962024964824
operations,36994635005629447474174035508725494595320515733793178314174776326790396778078
development,99544189668138550859941371608919040360470532201671361719080550368773765178294
engineering,43496404658256503446190362883568971453103758796608650514933066997005733691071
design,22586469133195612108568115800850220410784874522590829506607469422108031420123
product,24715771481171141459321549936263969401763485234943219943372487536317296070743
research,67831909858293004703894711601846304753728752266574087187945039184257549653005
analytics,28884094800682372020341050217200142500367395958980431764205969401794678510809
app,97219274409662057620501307944052205416727314792190185427402972704265227272955
apps,57907135515769031203453112312175663876060511374967945661073672351571230697717
bapp,22594613469398554998536181948733906598458677064989065398157715883107332708156
bapps,31976730799623974210060927869992148469012031928226426924025229493189416370081
contract,57637806262245226036870875845939770813067941950909230431170752559116847842674
contracts,20014449745414351130166832361060670821394441025767665779662380135640949224091
usdc,10607941806426842200539555119197870590546526969693286100834413676587406448123
eurc,55304523203815683311680120506961683507380481111882638128189791023536074691416
bootcamp,39187922884060819530713709896024586158679570782173916544535673983436664948135
portal,107743642042934696840121296095836470788182725260424405688260400071685118692682
faucet,25596190774420175815937449508095539101948818519249461457651181653527741905658
bonjour,20144852921879142960449921366387794058867883838677856246280030423641728467896
gm,51435586027315481139883808148866530939000344499122594970633205490528719499888
mint,99029485022306171977040236163357576307908364657354910252108509939216804021076
grants,51039634986661615184374309404570851039749560045605939497383131755847470888004
bridge,2946781766066082755127862929351044113066218852634204347540040208763731987742
coinbase,53790917234423979841767304999387067390348632900186392829020001369513083638447
coinbasewallet,83470001416002744127821471053614135861132854284198218236640047980164450551596
wallet,31950110277601215368805713989249712288917981772875175870764690804266991115067
coin,71138512366535155990716884100684005072935548977917636488605157269842240750060
base,109438364007015322736766724051813704643042782151430130119908516857056060615695
camp,85194469468398049100080944148015515631098946214475258740715219018956069246835
learn,92319859368401605678594497244468850623907247423830978494952093801462511406767
earn,112745418149185442803076365695277817769735769777965506442618579497601606112790
name,16002813628890792753811400493945579939974047736357029168816255508655370751328
docs,48837456093801097683371766985796132955289133749341210025539614811388305664945
explore,56974283219824276705856777880012052943406741782065786935226202072190731635770
github,3451506941901354523878177966176518273606957484361832432497421073821523500727
bounty,42019270467801956069213842127119802444076798439296659322138281918368169739073
jobs,7820495553692554840184536920906188537755811266147531823224273683287766426135
discord,94840211644892650600509214506723757175795813407901250353972134480821600315305
cloud,12863958906710482903442293823895005988616288857015572742454678577291409812636
developers,52535209528994962470135782378482830703508417988106759129410196032951941568932
builders,51175615830461445150320942430751564324576646450439369573174048363302903859810
shop,67715697366274471122030067031614383213944178105769202543496600736534165524134
ventures,74266649167793247110141820818196073403301018265122312057567830087486886303601
cbventures,86818988441010240059490434505776827714900976660316146333919621589331704364930
cblegal,94413897988913321084946712189092350275878927797441454677300673912507890600420
devs,22628313319522500837323924354674967581574787438342627923434748833755300357163
defi,61484891887316908297480830604439925538710881934556351000463022973307106776991
music,16580636473026424588863463651417140088773729315730953237025608970284698852025
games,84914531375613224443884725751445934403308641051756060792297532171538521196491
gaming,9264227325642438803280941510850583146292011101485353585621818592673844052825
art,41714209775263023909526898682854722041255136615249465937927859609535610072833
nft,56914574319446964659369567597500889664850868265273381037377352984484181732320
connect,49197508254411742510886942348671553458291026737553886219129973894032412291876
exchange,4829816155003500487436021789385485175698700371857774731872064434335939053526
basebuilds,10398440485347139430877734517135918332439839258586124664087992103041267304182
build,97259984120142754160920916528872759151863699104256129858688377348339943047663
corporate,14600796252525953454965237165872391446880199860801442504600560833843940686311
ceo,75347203188289312788004916311476954895075835693647982320194053655968537462390
cto,28636290549293526047087118635800564772345269517670875950233473971460972310810
coo,16898537487502653513643462773044655052955623800738386182332226488431317522134
cfo,83108736689619825698695154993703450549674028019665572879706612417800762709174
cio,1759524018804847860943015557621297022809512928621900164206301358590195188901
founder,91660972527815039816278440321200502567994897269214899291087937583558531160732
president,3018884381611338713396375897234170610350227068808692872025867183273355109790
director,4577410369726634267394734209844578267742813200491393852804067408310709134549
manager,16410063006812723652486882596419305936955297605587383794446813834493464159702
info,16073124415288430377145617701816389524848668526215054067433018115592099450982
contact,48807599122020850620033141944027359143176502147572713645966538300573603810888
services,16926096763509189145288878386233001937909321882530738591706624514147913133081
products,64090111035672194059803990563289993126882238871612391696142424379343559671035
careers,27806754430880583508019864946451740074763858106319502423096721034143630313330
media,97116320566362076221976916333035681472602814522080875265126839035455193804393
news,108050869915870758563406853792053075684055928025816678320243240498233715559689
feedback,87237484921129026183765420825704424178476222588504822434367480150240231087978
community,46403191720227645587703897258957017448880715200850964547145430535470861004627
partners,44745224380721126130685117984866580782979794225579822929209928664161385903837
investors,56051418092351661974368202642009742449383372148424046087151359260905489201994
press,58818012948858312099564097497779012351079962481897435179083502524819697749317
blog,93128392841778614842969465045635459737493300075522063264374814322678235401519
login,95479078588297348169115608210739885893296121475991032352300969577059923848742
gateway,383783104052798431778785880048553795422801992811179817103307433030458424261
access,59601521832767148806477318471996374246264519499600975515965846966625413486937
events,79029178857918826339369278949089086301462207213887977523089654736262623765316
promotions,12922224903856722494463120530395571525334928860428620766354601696633684242594
offers,79415942495470783668164073321515274212955905169880911771033156501637971881929
deals,59675591266213128791544733267358825245943790391819651380408441294463636022127
updates,8092697996687777211760136087927465039161433387823094158181085390699629073382
billing,12141770756677892595826140315171412127229574343133585935918084956606528547645
payments,86122867044568598046710770831128635954854432028513009063990238117350027100838
invoices,16516758298403884723760599012477399444885255993842237419618001016451071137178
orders,62928227774049695998850775830040051551628097483856840775097967553093006171797
status,92841128071258279760301012838467916536975171148274095544938884798106651253953
tracking,24508700794227906836559590181360799223441617113314272263547668626270440872034
privacy,85138870860230152664952588382549477726613526808038236000777450875398085182014
terms,72356638518215339289511099292435171881167100501184521951707459039553664321931
conditions,107863586082205681735744043093075543236577539986662581102706949387293487990613
faq,79962706656121988541774260723829812148883783305335921022668233385491789500183
api,33182216405510292469503497120295815031410634250262417263883980840561463713492
dashboard,99290151655605602263110564809702550771985334002038179166194790219744033321921
portfolio,81905563086611114234134198171460411092999958056474356181376185082958479540324
chat,56637928839999250889878216302725563157313106284286286235894387848864401592814
programs,51017747695133141702995115508508771224954238461941599739947661822782594178067
projects,76633734039125291267061732003295524635331119101694371848710148888603427218174
social,26643601502074890963324924944547140740383316331881184267921652207055780284376
announcements,41250942200716996108338980293972573212217524244964832606997555865703178331691
outreach,44072624155475243256212720126008145507210034002429264159434978215985355882142
messaging,94793001844150620360846941520502920744771181199456120067148816000628464273711
accounting,540154599972426436754244963162441387096760986463787283782386969847941858346
treasury,92201317542575774074201442633946554641178934974124204815448024616141992941740
tech,51909217481360886196806240114537743114921281116631056636469100577982201496166
dev,32376483249170013149257325984101102515442317731487305335647896055333060922426
lab,30315017165295217198525108508824566077941934704752679122789415686632387668212
talent,80470131122071115242095700370146037415256502689539642811582030919413901836054
onboarding,47383855059296172021675746209951665244206733942666212685988987791119245204873
benefits,48362730815318283000253106283452811411531864611771083713276826419910677617770
bizdev,20217263730784358738385655224513999994537908695640134392414960663836082279370
regulatory,33600797904283425599403631128256378188412117332856912653692687510282789847986
governance,77759711126388973290275106536018439198955913334561584557660298743794729351434
board,8819677860643632720330048835883491564365671758367929566454305703583501463112
equity,106932094112181307524421820645337800806201562101610288491349383758891524013390
meetups,45234254509381817053849081864876100740324412058779832606399912073606870664903
policy,41187994862418396117056344153420646817220650721905982591615449347221131277019
insights,61048677166953335550373752119242239567654723515298002392310933730915471565092
vote,4160469116701849802256909054582404359374385511865426525355686854020236532801
voting,6461698498653053908962259150200625991712128230127389395783434225326367775411
cb-l2,40479620615800024193942828568589583860414437463188061456887507064248394452052
cbprotocol,41342364539520451622951626686225026347467034944157050412012459450952315741015
cbchain,27766655733343118771438334232864562603307584306995648096916147918417505017826
cbnetwork,105654709918906055279803079528189273540000907089716348508658679826545931539536
cb-inc,94661245836076712486495618355090772065679838339479025984999135260368991771935
cb-global,18137126482337644509496250973073785962859402064873264734479566534330623203545
cbel2,54857995661377413444003650948009168834774691923257270276213084725910879795559
cb-team,51241329120652427456081233369898649182877468263394144566173835686182430163634
cbapp,86237616776821722080497191613105074359033299265890564794488641743643395428445
cbwallet,96999194401270436264016782203782309619426958065302384547483188649103832972952
cbtrade,113307689075237741204656153764182155251562676590555547562629532492283833103517
cbcommerce,99961381910064750438433664933239489861825668460639273908221168044430699290183
cbearn,68033609098244902014158934535685286526031964173084230278044185646724430476929
cbprime,86662198443748970676143050489366977939599311041515182593231520975782792724245
cbcustody,112640717898172451918926429179216087119043304873569816563466498042703645815592
cbmarket,12495983484258821933022732640275921729687178550115666589016546850394499353800
cbsupport,43641439644421892234267453443601335668052323093037670756294864566468589703132
cb-customer-service,50036060466756289555831259295364433186394168880031479614025029002764471834169
cbcare,39136164015825976399522094710722361696945349938324552837081767992104854782377
cbceo,244256216529392083452873990830277511920565953134256579609924951308194816698
cbcto,84891124960921343304934967785897042634996035594121997598510977716847545341661
cbcoo,135995078414410954209248347769869340224564217566865580689971737471386190529
cbcfo,103724409561889768349836927402146346124573997858847692122479284932221427526328
cbfounder,49129691742438909360751996875370620645711004260715373262995300406051276505656
cbcommunity,103358804541176361011370888824712412603153316079560264247166714743501439535032
cbnews,14573102791264581128980940950197567703458949311807426746421601611583068549441
cbupdates,40081852903353735544789859712777356977015127347576223645211950116143289387749
cbevents,115630706765258368348863648926142338531318027327436760316376808489388896176687
cbblog,67730706614981519547615989886946110549849040855055960410231666775029017277486
cbsocial,111921362731825254324943364759970558764475598886837128258241959090521766324787
cbsecurity,71634409590124553629358875270490918724991677460041494589168008555517366008718
cbcompliance,75275695345746392651296546098984385824005960829083389465716308063008024160156
cbprivacy,63512880283735178810783940370199106354518297934057206867370533940654099527894
cbmarketing,18731052264439514998673218035749857890515409813317757262714738033304647106921
cbmedia,56112397780567481245950817574029875176858203641064868639509873983737545097060
cbpr,109055021914633897180413525856770772852168122069430116307980039763093063189201
cbads,81734082547153660613336649724445998114980456003028162628577686189945135202415
cbcareers,113983500962846130982257683152686897910451277184547877446721693897619020204458
cbjobs,114399840265463395092480249325485057572636756357000559140607732392312585129041
cbtechnology,7780312166599413730005512570199132962774075940745265714585858177159750267254
cbdevelopment,5331091731751822452147405689427025993255459429364555402931821984938190944126
cblaunch,71587939837837440896485413591173184460708053075476619002810412013528294781425
cbprojects,17179999032448580313364139422074807337226685261163274666060028059025054206086
cbinnovation,6660657460744700983013517204905237492277277255677201931757191590691458590900
cbfuture,52878446023003499013772518526531871317001249830438483940538263375351612241035
cbalpha,81978013266140088904830741372855876342334860365866763996810261384409674201546
cbbeta,65459320967758909873762830998155782546571777588914984081249786142670556941704
cbteam,48086345618701836665330801875069583612875464940396762679570114623931659048034
cbhelpdesk,33085598477194575608361562208377505849602525914813180235659084997776262069806
cb-tech-support,49053857788752033258759815307238056974536179495930112795558896507573167738922
cbit-support,45020303623348376528336783090415469917866318814197663293397087302593232604823
cbsales,96379088045075737906141169531868264093688662779177683345365638214615862123272
cbhr,90479164443335742860370068220298572418271601651724412633450851971922778830842
cbfinance,46473915556331616924818795019815915853050729950754649451956514210159969808182
cbadmin,79043592248952222793606768547241354939820828453881501519364652431858626362863
cboperations,4309636235269893619063822888260998013055271938434294812373293977376462896709
cbengineering,67823003924592968706335633489673923803614908643809228128053589691314956777929
cbdesign,101860338155603134173108645533126055561770971846764510816021589987942441010178
cbproduct,38482125689268123851061292379918321203210329057284501787399587395005715139935
cbresearch,21586748966528376921897289699239880767227959980538617575797305711612463343917
cbanalytics,22996762571662704334444585755112695370773909452842099001691666431735331434895
cbqa,17357242680606975236046023283888156126797791832460736581459463127531194057060
cbinfo,113480165302233916988594845184737668012850777146503605395018772907272157131121
cbcontact,38440995665211785164561159206411017180892755493366507419252025704054033388524
cbservices,85625958708275025679025719675862204083780965745319748930922190388495963711211
cbproducts,105338977390266495306682399154164053038465700638857418327525376716496437413296
cbfeedback,1486163938112824519855993185038264131677619751863078706286301872444758475010
cbpartners,96827495338634344070629405925670242773804635497830735317452703781513127629709
cbinvestors,50115956874580757076962879627331898723405452046699188547615224986728801319024
cbpress,59861064483882100539944540736769858678113145705967381411416726101776128827674
cbroot,25949787145248630727848277159728274910683035368104143845473162674000491927368
cbsecure,110185751783880100917021150503241043620310181186032744311966618161980238367740
cblogin,58638903925313223444601798667906594065594521378700450351960195464664031687665
cbaccess,54915532445167002934508749899938854750253017454797690469233893621858150814152
cbportal,47152244316099303244417511032491070913603765862416453902159892614486288679535
cbgateway,16278658837893506163678502996612591522513575828189389106217489184141015901740
cbpromotions,29985779958168138010019843476343940754263879237777342643732846945368132469647
cboffers,92463240269122146172806785253155505898684793717291629794850092245323516668115
cbdeals,17146678069089261704974328543521285505511581963845607940742866456787606512422
cbnewsletter,30966009533208266242260710770986642205416511671276030017924876597068354971353
cbbilling,66861433674732925419926261987452917934172382852766791412884738907777628608630
cbpayments,21595334701257356399710993233786360092842509765908923240474315094226051594870
cbinvoices,49284697638233514415891170516472732056329233750114634875921087409000864194773
cborders,94768465768954854098928979225324541193188194936958637153695690802259977691440
cbstatus,59090288150604578540875388146819709165714996813889284977842957090189187397362
cbtracking,13958118326857012456351998520287683681458777087085108974999906122941268168955
cbterms,26185422641403026325932771699113232036463166707533516947729662166868235759674
cbconditions,25472677587023561004739199988767396682924516419295337563014578873110149365449
cbfaq,28522087151204957328122681925475726376009628797939485552208612086026117196673
cbdocs,50623946456932651078956504360822930558120071399596835481002896560416453120782
cbapi,82558306877159529937603942775348542684411060134358629748789098860757932172341
cbdashboard,109465465250201621843799903339017006309817351215357211573269193893530299201801
cb-base,20882846699389134286470121776025738713848898809955264138500426341974011132881
cb-base-l2,24921039179522858339065009298638640061943517600487126686579943536780201102099
cb-baseprotocol,25751460752622192558848126000973442663671587676775174467191866304136499525963
cb-basechain,36275862159921833391082468222521645915712209592318652556010748411695821053833
cb-basenetwork,75988152346166482299445946128030226040454986317873788058582244889004035633541
cb-base-inc,80274113414271509857432886534538330567814171857009249732259271273273711437822
cb-base-global,107761138146317539765425757921501386506512960961795407330455823367807073832378
cb-basel2,98026457064914408541848167763384903734411229270686563681319311035310906969119
cb-base-team,71467632505886874003443931935330663441001348917507910030608221902213531781087
cb-baseapp,20225134140660382559650116847292026744555596032268905600727770536653529082181
cb-basewallet,82317278135051108288849571721493713442823174806862179178372657540098934117546
cb-basetrade,9564513223297335529424463767815018824044273933162985791751595834713168519307
cb-basecommerce,79912119479721782246082667837323591900949690809604650866571993682168828814193
cb-baseearn,30269812418970432908123227900943346420574359069396901295723671578490271466962
cb-baseprime,42743166868223476617999341297406994620780576003268937971058111873798051791007
cb-basecustody,3831976019961021725218544175196634541021511405761461869282991326332451905640
cb-baseventures,111201600605648122401428639700418119104351748510711755192712554191767787179296
cb-basemarket,29038810872906160687662643753080204178851599494591133859833397761503359156371
cb-basesupport,51955054653880272819478179696660115811758286442483500392103553927230869943444
cb-basehelp,8679752993627937018079645150471576868806081921782975219658205262638420000335
cb-base-customer-service,32798151202463452506541468269295682841769544774739574062003545803157341621518
cb-basecare,41327965140775629998512234815212794763781996640955060783149696338366564749672
cb-baseceo,8428252218281203535277342873979954780864214417657100317965112836029059336927
cb-basecto,17111866142205964367668974858383143239653568226955976928266665772698890522371
cb-basecoo,15240401928668887615534623201160286958970798098911822093766885014789520608875
cb-basecfo,69035855767298216966876741718969709699952265761436070468602478203274855564935
cb-basefounder,36226828292947262893874769756416394885536062424077114658099765791969436811396
cb-basecommunity,85613412081377059979816631153471307789960770625401335363578487887615401881229
cb-basenews,85204774937698072194679064653131599648521215347848771579518768512217143247920
cb-baseupdates,15244716935507767287892656163219047916695922537414330562543528438837501863357
cb-baseevents,110672378364816746638905775286625078237728238390621400495229692795900672491547
cb-baseblog,86249183187522838654778707133756879475626076633755166360015536807376851179447
cb-basesocial,91116441353336379037443714806419184254604650760022005224253181697800381435511
cb-basesecurity,16574954681658352606270562470391696570099461566172725926294506158888102170160
cb-basecompliance,3563549425804767232179203822717102645194888934580913165339834591024144781467
cb-baselegal,28042259468798835810139851578200887326871212353470783620055899106125543720552
cb-baseprivacy,12174019107267071882659398069472884362626552049727711322957621184398995168385
cb-basemarketing,43582534985964041903574346655110014460592644302077186195597280089441042617571
cb-basemedia,86983229014902275303761400357478998433566401341043172760286252026862889400023
cb-basepr,74624794925771982316014440008354005992649918825378373433385300939821243886226
cb-baseads,51983744805382468200984407598399127780794370508780985752309300465403730758595
cb-basecareers,6035316419651019496548907278137079658900885075658338966645005489107910901016
cb-basejobs,7021626884681586218955589065745980905839193461764683502210215091991509241037
cb-basetechnology,108859437307070348685934683417570623582904444062024113352079190246332763991232
cb-basedevelopment,10900532945862720125314388377851352058703786297369684865036754336195294351189
cb-baselaunch,54847056651527129976464681508861842754742332024917489660162249913314548298318
cb-baseprojects,109726006236482551019366613091055600311852499896185018720794517823859782918607
cb-baseinnovation,21796127384112436074102099975503499704999002803477559730357183769609010679589
cb-basefuture,33834115733358816372373395834902549603231174916880259904492174056573729620275
cb-basealpha,64687442696712324289883808954816615529695475540138328509435902131950399239270
cb-basebeta,35179976753307036058773045929334041587958628807075023684699681328815296872568
cb-baseteam,81010838136516741522059398968313794636321757162493030759715191896249905396478
cb-basehelpdesk,31874962352740771346557638633469853642769871088687697624594655331590739796134
cb-base-tech-support,23588387867260003159401335424757019111620288029654012693076745144199841748563
cb-baseit-support,7875794389466336071188536733882487168993821184505992819163722535200949364262
cb-basesales,29573617884924916397145271389005648892704837598281384741081097008755245758669
cb-basehr,71303822371762359124543742766883076646295152393468496919678333075320791183276
cb-basefinance,94491208518651752186495504790817638747812207399310597489986193415211999642716
cb-baseadmin,68882682214599839363091586183783141336305428872769330173056023395504331372302
cb-baseoperations,51161079192578416374088068861710443909776079739013698996371668795839102040190
cb-baseengineering,62623026588467800337863386137137228617334809626935749502014983486192708368727
cb-basedesign,97052313011489732559932847373723024431138962045080648039728910560993969975671
cb-baseproduct,10126495960919443738759985004266075937524287569981253527738443917789227133644
cb-baseresearch,83205423939446984941071413723961827890812957756984274260000295651252503894771
cb-baseanalytics,64052933182253627215596255201017278247108384051161274969135004948267250120394
cb-baseqa,108805913314448101597212260108380686314149980969886151365657467697904883713680
cb-baseinfo,111384902367087918306641174350770909821529922328530942632612052372202108542541
cb-basecontact,8497460478936864511303301939041431101249083704191085050000001351665063812346
cb-baseservices,99342873554560746128991232399925380124407545551872328970767744566857779099705
cb-baseproducts,108819676445933300768316386491711950181835387586004835756691958748467635615989
cb-basefeedback,39933624890652927731481668311405301492784024861551401486913456446987389307310
cb-basepartners,76026691953855019936816016891781206333521042985874200072179389175896505285174
cb-baseinvestors,114394832050101412240575055334547521582263250619755294303087300584006476243899
cb-basepress,83977551131449667705805654562149924064480525029016286497439674963827993898264
cb-baseroot,17551643987677032784382206227369614430392566858145387152762300581973657403880
cb-basesecure,111392137906948303217326016862282482690298560365249343380230336425099681062244
cb-baselogin,76656283263448904337551574208059618078364901466252782371324428559413683987344
cb-baseaccess,104498402813741501749656521753901085057011750855873839911559385453669881617375
cb-baseportal,64974376299092201094809128514346383468791765892188006785279792320913335988385
cb-basegateway,8074741105320076362139719100084941395089094610789541388941580615134374666924
cb-basepromotions,44511512767391864619746052069429225603025114027531605984151036943331167372510
cb-baseoffers,12645423437645179537719469224456895345567011386726623103230587277327976041612
cb-basedeals,38713164689842362417599065278986426092192191339432879464337736064574230708072
cb-basnewsletter,83347199863507916911361545382846009038236064567907379747097398019390074274191
cb-basebilling,19044169821368020714014151140200205922701293151123484349378950798479314413354
cb-basepayments,80415634280131216314612968992854962116657614689383550090872853095884652869552
cb-baseinvoices,6992982797031551006331449909563113428892799298351893585171705357854652510676
cb-baseorders,103130421165553561405606887442696190587368369791178393095274680030105136685366
cb-basestatus,12823049589272501959445368085419729493471108291927338895183640631450477854048
cb-basetracking,105804491013727996848529726081484578559224216066945898041923879470907891802079
cb-baseterms,98105338424612110599804702682624623123912967129274492079197471576692932997245
cb-baseconditions,106816268290803515560053927244758870575986404299193518032702308290738955151716
cb-basefaq,14176301299350489384023694661312459568279540334326332277802737452970028219708
cb-basedocs,10032008907609178199718425216440040483978125534903714366370543674069639381467
cb-baseapi,88422579033506626378059118177098000673059177852701694593749609717259993990333
cb-basedashboard,47805653974408445510074501926776136287163250895515232708378686562766870038458
onchainkit,109301973039770672342085492138960240677758364171750529853302977636961203633381
smartwallet,88237635420624893127553597064298713488432476536259223230101102214753318524528
mistermiggles,61726832617549186630624903946891580257359755788477142530790033488673223619437
frames,32090803316044329392988819124923812903333999880998864477472808381205073066018
builder,55526746434360632142443158612488369334861620478524697319077014835745133214248
developer,91790602046852163319332851544564950741885778658302319760249364580283300840765
buildonchain,51607449489213244227577093847831472034578747023486808163612203655947754768444
cdp,5693086243054041198395519914143304388283739438810604365713616430223346427515
cbdev,88555307228224647683052709984592839569815907265254715287618872061165289576493
coinbasedev,17159268025042746477406617781928745700027027811915926746631331129525825707690
coinbasedeveloper,64404959305079608802187773669356008219094887330580227480427664074272940515146
coinbasedeveloperplatform,45988767473294603071885077963994584479596031004691926380976510661326584354192
cbdeveloper,66599979911253022516069134550595145257745155744329496268998392011361948123490
cb1,87099450214932336498555944321817957764486212955665204877643848639922694062987
cbone,70071869537938980108677409987002127864067392254863331325231928213689901343419
cb,109302509249817939558708216093499107227790383421554035529247651715080334052451
creator,5935171283518230717488187387238910929956194697309192998913058851963775683339
deployer,99457099494151650983000925546257852949695862441474609418965558600991962836138
token,70382382718431724350940951439344550180647109419788096579219027844374332740717
tokens,47057388395738122627977142671727062028804875263633274760618395748008673856860
creators,3084217116184096187657280878742001188014069559584610246304799643781475841458
deployers,15244807376794891707413382312438685418883034257091664469982038749674923406623
stripe,115773389968108836088055981772761791049442467207072964450069212877245247292772
haun,6813133867949021086414185487593649919624790401394068546050944937297218823246
paradigm,25678324544658514891171433701500781853442152332474238876092807294041322428124
a16z,5851460198394191747368415997864025120514373292543584648769778788179042293433
google,64764778839361762151690808078756165765786322949278982405984727401906281401511
apple,60547440687665982634512213081347928684337115661215968148397346974404008494534
microsoft,87229680701241979528660574853721754322196011901199726987587731862008818179288
amazon,82229159103786399531023855469490700492269083837522026478948273323969890387800
meta,573674736780469800972379939789800666305936876046502141458099010555253706553
ibm,22472265660258010140728366241860875330240084338309191580435477194892219532473
intel,8186540320736442267448252188523744698557103085821461415926323263542223174844
cisco,59336559808278553945974797734956011540903362424291785238953757640305016070926
oracle,62327225858101612968755556689530141436450018364599965630314173411090507480758
adobe,5004799958231715485780643316869172380972876176618026420893039576783409631831
jpmorganchase,113619948362651777169046626609357312858057620246589503220122374427384249299333
bankofamerica,69693997838798399982052080868252196124299012757206454272617980253188716770862
bofa,103125227324528255955207865618626443586143163536507856537828326442134784393833
wellsfargo,61742934166608390969387711773431759676753654942644134372039482369998879988078
citibank,74029019296676765306881994536989427026098911368103620415274871334261511264511
goldmansachs,39521510684147953975749345819825354922803615889306193205701810906426976859922
morganstanley,87390926642997338726269515919599343553163112691249009824419798424071081568310
amex,4647989664198987886845680706200971911113224391413969039280510755454119196215
americanexpress,55648940331696677191610741883774478068616587252623140966121854014603299153992
mastercard,77035211783296017333028842913740420807142520771902721036297176314518470845155
visa,82084150869298194429431249428983705337954541163745226552823021186150787791958
paypal,27499630808601968375105795129765949199507212694096832680786980651660887017743
walmart,40767927356804050687644058641582063532896120300110454788972639205472571612265
alibaba,63657173077531166727577717255256033046449294538744906116781525244120166931783
ebay,67160424617747578716628788117439735422005301914307225737549555948476438017334
shopify,51197682183292105214040656066859709092967488995770430210504436050521937100775
netflix,19454600421268876424377633953158367917839959579914135517523175566128226678730
disney,61144384139704695341950484519979463928720358432961506329303250030180166471521
adidas,9825360412760268590929092819886246697576231219483088182124696925634845353404
nike,58229628887636044882372953174745135299233155338052253949785372330985740196460
spotify,104705525311259172037476606861033953114643904141862822228664166925172372851714
hulu,2297596099908107530465471403882651506522692557444438080428897878580068011188
espn,112184571699590974375121125146578952962738897669673824518636501521736241916596
att,61080847013993747959072589132778566209471861047286892438876176413546475873413
tesla,12167211526460239440100639221579034618133671962824714178999692322428172853142
cocacola,109176668689357558964817482895198195113960904816055031714504943461926740185960
coca-cola,6584939605613706347288716155784993849405865519306593717855300803581112362132
linkedin,9511704060567814516960782568752235460006568861421396289167762405838297294692
instagram,105782473485979418357144813055789474893061252272838290071677386197950041255021
snapchat,35148185276172833327531608775348458681838580735749087219980549621409040030837
tiktok,6533352727765737427612179695983474678733579643728011003293294080349151537509
pinterest,10676006028677268271871485790415925626513789550127755059680430560262375583555
reddit,55697805126776216750403022490713408272672925965198775092216513344294819900549
whatsapp,111650059929583731498544475910611488043603216846366158222854700210706837683121
wechat,76213564288013934269523900001310981129463212446719321677823738058688799935001
telegram,80655504582570763139810498942370294850908834078935309903533049087297820804536
slack,53414230639340637484343914259225977433615388018193261375420526445352518512303
louisvuitton,44030042453791041515191968450395731750384911073592268585510350597161105528494
chanel,76758465915907329075099705040377788627557831753383652312338239927447521200848
hermes,89566425882748699877128164990444504151305942551129198197159746136842287282935
gucci,56779106593644406857526900915654018921376956214179079351192374736074498890442
rolex,94392882792475968338048553146242001914521930847985213268883553538310129767736
cartier,64836089339839977376584130552413213616162955984349996149324455335889454234633
dior,75661008151102588987291970008370602210871798571339152438123568564633986674868
prada,89208974959495315144664277244325056053729031642790339453942255618231340848222
burberry,12057806708323898053400768540426996085620311297670312388201619618952398886557
ysl,84232975160076305730105205392139032129453636405977813077868004748374612433181
yvessaintlaurent,69300154278319458866302295074556024112584866895880505024319911651358678081565
saintlaurent,81510930160882895131409583806621090245978140821629528569584438241670490090413
tiffanyco,42945826511535097903846069630285236371619143896447746559475097887534696636140
versace,108059552336207363805984099474159849023217017626403375855373934164000210375477
givenchy,56835145904747801232786094089479564077120603778679515217260967973371345610108
balenciaga,32197977129003981156306215375636952516203888468317805672660976461542351450305
bulgari,113745315381747159182252680662468832294843641287303634274590787259258963179198
bvlgari,110615854255578146329460418184504282273105830511798353963436592694933559795902
fendi,76153206799911238800934111226808577278227594416083281395135116228645436046506
ferragamo,90147530168994298413856941237615658218457501224247370595360422261235962588496
valentino,46621454383171604910038148454502480229072294638761984010106711046534152426104
dolcegabbana,85612134960950513732920126536009517768422811024164791442446461324222750555445
armani,60686241386800710768265837454443477763216448502818325670875132682210653923004
tomford,47888607331600503309700082670335674516518307981603314636034719635777979914022
celine,56408319423501624318338668075849754448635574075004050872445247575064507039562
bottegaveneta,70139219209031092187051835512400083439125723958031547642379695418889229860364
moncler,96615996627589244553615152689949366200777378010570804170354616471360571645204
ralphlauren,66068233425751658118128012154838425210253081498302768070413824615428478374007
alexandermcqueen,59539262469712781285009840985913997061614602353315984947641110746631102039143
jimmychoo,63440814279695972647527322886451082220540827985804157471632182895002755822776
chopard,14228001468647899581720623327398393325566496146295697032204039866779867907674
jaeger-lecoultre,114256110128002235822683086487918623006625267163506646713930317108218123088205
tagheuer,91994343218126486019103348201645786461660564229446326732761187488913106869747
vancleefarpels,13267635501742077595259214688512331349877113651093807268029567425852809741526
harrywinston,90727187609283407160714850137194587480199163704522957413746606822692366852371
montblanc,4197515304708080457546568720615995326604490148794808465882905387612319372932
rimowa,55461100384086577957377484840461546647991073586523506700813938991762161509220
balmain,107879625718027198001808792561724163050239309208548559391119885915835091006931
diesel,56805069789969572867541051935396110911658128080934033134196420568814423095630
ferrari,45494671783910450050231250618822306247685510858410770081529556948127013145740
soneva,96785273682118265638441625795353395490633570050001751173798256427221075552494
not-found,33261980346055541962904933430039058995216463790831619948328728451655049238793
brian,44252927396191700780265250116345721473298434200157771582954591748498849693618
jpollak,8190374901036389422504467096771875219352396265604806127938787754968260692332
brianarmstrong,2299805023857058647517108877527857392531227665646612850959749385713862798062
brian-armstrong,100199605423174298565634478105386168010486709665847564019619452666553477762835
brian.armstrong,39525727059022158381737305085114627746744591502311599094461384634028860252184
brian_a,17114747750237907185546107125297221520862808762615306592103099760089294387626
ceobrian,61686803550595099185618900074027120973265126652245704526292935228271803057900
ceobrianarmstrong,62587406375749584894273106881668691117031152470850661165367027153102124188427
realbrianarmstrong,57741508525001029585040769471470381977727727353132905163073004439689344482081
officialbrianarmstrong,57475375783194030877501551650715533988873533321152019383400666613493162504240
brianarmstrong1,60416351181645364065912094198766281332883434731592144353705715648768757353744
barmstrong1,14681584240831305573613826347106788444588813895518727725479688324177463561679
cb-brianarmstrong,46514418564371679126330661471120471303652801552327881880031291770273320281620
cb-brian-armstrong,32294398308158231644635385000842635062024095937765652938127456593930035042611
cb-brian.armstrong,68010814391364479632359538608643908339440359644659644981606602889762864426707
cb-brian,77265843471380818485727500985652809502172812103971208391794780960846254366809
cb-barmstrong,62149802292134425070095587708235867507891100351463627265257554920227030506565
cb-brian-a,80555636255517856105030240148817848208457426661607381549932012082623982545353
cb-armstrongbrian,35375052885721982870981587875014335280434457437925804198353320575378835856532
cb-brian-cb,108921570746561802921633905985137499602348883757571198359574261339879036423399
cb-armstrongb,42871963975179348867719964769282072453634585326999709552900683539844696533657
cb-armstrong-cb,104885796151283618227837404347035220584060770554523918940407319509491871728504
armstrongbrian,57211233509907316121068679919117130818882517800680271299772735571628257942513
brian-coinbase,71443256674015745500078124902432641508381078233117683524612726642543143446788
brian-base,25299539474243485283862518273023060767904174939398447783595789624449445043995
brianarmstrongcb,7601024747110379028530774587736791584424229373393431879009877368575242728176
brian-cb,52036606661593202357145933323938151623324924039890691818921574125549424384048
jessepollakbase,110979757504220265828635340462206614023389395430561252835603700265205095083106
pollak_base,7489908545776629019716259086782214480644553942666977436560567811592527648329
jessiepollak,79408761570827097603123039503589170791227179965176093228150712852103762416223
jessiepollack,69873318137053427458445424077519998285974391844669595165600565217165195398572
jpollack,61783289571295428637923490962525352753938212554355181310913881254080527968620
pollakjesse,19536653321371607012212826745426599275564658134039565846283873307831922926771
officialjessepollak,22225118485576985064721153008881052726968649308102442821468263687578717807636
realjessepollak,21626537666819397626512529428399144098022691334725687853544584613355318100171
jpollak1,10808743790507534265413305717337887380946270320260445983565118275672444973327
jessepollak1,70635886464854698207461248640529788607749349338101924159915198789195731534064
cb-jessepollak,74520658594363098079983772909301996280605322815137858019519750899715178460531
cb-jesse-pollak,5020191850287675726061832656351486698926783533670985566670817618502598802022
cb-jesse,26817038960289474245699626368631390943907152027685061737680165991909140996035
cb-jpollak,11806322431951945540473233770253394340286128534965944446085634952314577681085
cb-pollakjesse,75336719007692926843499135104931926798427612130470714726799455230387050288309
cb-jesse-cb,31163532229428928395606428591522072946274610238543462700869246820283771717738
cb-pollakj,58598281472202962839566569875940997869189141742907177318813397675614079980720
cb-pollak-cb,43658086623625689158157747054855710628772884033560860880042618077680813756454
jesse-pollak,98567844782888244311352872458576696339041570441689806327575385000028590052157
jesse-coinbase,101415906758686269856622748631758961254684840243980188305565271828792428885030
jesse-base,3087428297816369099368888498135885852946975797772711390965972115982189587969
cb-emiliechoi,42070096524104444838711586796396112354886904642260059443047899132363987928806
cb-emilie-choi,14146460751784419957798371228386733791873986737754425287525625435388720693482
cb-emilie.choi,102197378072525494834710411928324535436956723301984361973491142184768733558232
cb-emilie,111363111719908465472132811229039859026410743957991323897591141151230775620751
cb-echoi,111953413297406507506675735548809027876232646042129404653644806214302966994173
cb-emilie_c,100146087265753846608460313256180496870427040148357674409852075392633754566158
cb-emilie-cb,44783007208413177266028928072385807096037059603488555017710655850067353171952
cb-choiemilie,26645415575779160538789803757730277404019826580120464946427229885797298098099
cb-emiliecb,63288005770912767420390181001499994776102910347210303055865043092106276163969
emiliechoi,4309344959154861517656133615216710233438511776476656590029237390583040622901
emilie-choi,17061336325421050742934186046829513049674931961579265058069108748777835642715
emiliecb,86966573061965304229652299683680949296137846176974234860364640717055274708047
emilie-coinbase,64798520529505004274758208896170887933275658485373034141666824718621517335987
emiliemc,68184730995437877090797197181265898910269745154681846356380406381715324654566
emilie-base,26363421389137906554095667665562476883895781384493092177280724772227493869637
cb-alesiahaas,110327788793312738618469959312192507913268339527418117056117173181156615114712
cb-alesia-haas,96961364166520068927378351272131303195047671170696631398374654199161002058688
cb-alesia.haas,71370047807780294748477679712802579968329924066994740480456221063501981589747
cb-alesia,50576071511176289035234175118384450532608117469853160291018096160624535478355
cb-ahaas,93890202487954860024403191663662099862625383941372098530961300807989969448877
cb-alesia_h,18539121476044340756548433146923993050167377916065094410328054449618292058530
cb-alesia-cb,24612087986033697664496427406901551380444212748717757540956289183353826337424
cb-haasalesia,99693960273333297523069415627187203784202781195727460179019608567517807217148
cb-alesiacb,44431641827108186252874115074146702832130163040665648237311932469760787854426
alesiahaas,67906504224460814318043591070203133018700422289470088009851594714629199419278
alesia-haas,76328078474355063799186801974980253366054948598001186784809544057802809392183
haasalesia,62671022905673804978450003419722854507362084957698727929876028217532849193534
alesia-coinbase,55245840496922612132133044247966812503433755751699042444315422414494436465540
alesia-base,96160203026742552552072570226883927068549021380274947969617741859135590464754
alesiajhaas,18447339968665761943207703347128755259262942126273037080634247504966134201318
cb-maxbranzburg,89621795235476956886073588866096808671866072300757611360840627162577735070086
cb-max-branzburg,115027800864163426383338783168607882479603715463289882840480106281556602423245
cb-max.branzburg,109680395238144528185724146865834034295160538358848684624318767797598723779639
cb-mbranzburg,48053349778467650099921465326336380952722522561599524747016693551250776558320
cb-max-b,111496327571022578864133851265449308438457881445507457847475355948546943158619
cb-max-cb,102703334336523785501688026950785400271752270206746983841429250358347384054574
cb-branzburgmax,115519095286257780468673040622713161887814168091418875792304405089059139752316
cb-maxcb,41860196412267045368499979881888425714492615311150271566196453946893274673108
max-branzburg,47496374151381767390599600231847381834762638020992867100692799639745639719147
max-coinbase,44428908577248792707821451070131805996665262063965698417442033107606625565193
branzburgmax,61681437061975433873936876848938426834148184803238094803138527533242226530832
maxbranzburg,112194899753193220470014589928191426294929042873312989456428040076317450090398
cb-paulgrewal,113190448258941287012338351520988765188995430832763507849311218110500365574340
cb-paul-grewal,27569229983787632309472359277320720556045110832114121978939965609022019890991
cb-paul.grewal,39777741999673067684353706994380160605433745782842580514372096057359254074029
cb-paul,58845048513860439745666314221454467786941400282107175554672536840015902096096
cb-pgrewal,102224802530303405698489323010533023953396204970729244034992110361733830311018
cb-grewalpaul,40041546693803684815151795177247029929374981882855980729530204795997909631775
cb-paul-cb,64833679292945704160142531521020285170026737002310471943190645390056319560802
cb-grewalp,19768800922602764368709560006560890690692088225300137034061982784961960241824
cb-grewal-cb,61625327327464001599928553978873858593924729161541823842476348414494109772593
paulgrewal,38031893611442139655682283141000694538684078028492427736434570520499466485895
paul-grewal,96169604007263113680168268897577695063107248541117690313986066187513822467324
grewalpaul,55622248611639366183562187262825657417282399083440549480995143845017259833865
paul_cb,67861272964213319472261960230281597798912543729552239287014050415681004290235
paul-coinbase,93681961903280462787993835717009880541465422731534241399373270763946926185481
ljbrock,85141196219282318662112845015912122339956562311136369169231048287190985074125
lj-brock,105548781101070131916639467121637785056025104493542660744641326244631439633893
brocklj,28864817160305181003275843960203041334958366061585578915723852121095895951703
lj-coinbase,3989520938176501809708724992345451582832409623163741249567206724837935377042
lj-base,27402506382049319870331736073806978438430340972317167406594974761734685964309
cb-ljbrock,55848798544194352248233249347602917540647352312590156836622631483524741295548
cb-lj-brock,72029649919920677518701443255415704976540305799183633675581338244647920379330
cb-lbrock,47743461537115108515922923008653541228923748892752440739921234072574766905331
cb-brocklj,107045690480449023810181375108340201271336226473450749769401752860454197249264
cb-lj-cb,73860194187006807785128535485918705612373552080833284793056685773820835670733
manishcb,31772605471300678226659829310234852405117256567295847109145998738001695395761
manish-coinbase,42890855948975622389228974358837031527873914255799665777373871788247697022689
manish-base,104274635755841136907434165441554321821271445296155802835582131727390874057334
cb-manishgupta,2679128280544668689446429083381941539074405429532229612623295544594336623230
cb-manish-gupta,4176542969096532421340957155041461891368058436758028720151279969653918800573
cb-manish.gupta,20675612516662455003078167626170822414469782026430955693716038505439656869552
cb-manish,32288223316579219646556435630145559855003032197328668457843661670777331496316
cb-mgupta,111309210349475025106368488778466879639098470589534907406314248499253076857778
cb-manish_g,27480107856890739485417216509234249688982587376868136101679061888203356505145
cb-guptamanish,101362679778256953843625305360882416838926758827712127977952672079434343568632
cb-manish-cb,62553610199151324858232490554452366388835838979238034455618286965933885223039
cb-manishcb,62568353996660596404367176761835466116215236481132784969978296807036658802117
gregtusar,51276039823448503693583220538480555611478956749602203366644597538407231647418
gregorytusar,20940059165323733292296173092060869858523394281921726037068989486019542354848
gregory-tusar,32698914994555565526976326853301396667997733450455403511480183069407212710691
gregory-coinbase,60529412804899727731827743777458974082797357848173379530988419160856543766653
gregory-base,48311841348655840211586654547634854648200700448542360338292271182798253427357
cb-gregorytusar,58069385370208888701580305417088172316430493476019338863846965545774036644770
cb-gregory-tusar,16997902642983260794585206134107566709976352854572674439954841319661325586385
cb-gregory.tusar,76240688088917476215292346846824268065560696143604471103707674890607355669082
cb-gregory,12818090580480466230821549138698416630417543042479130739354682941022128336504
cb-gtusar,791809466108835467687393845552733589157537693588601525653871549606568752951
cb-gregory_t,113943048106854729183829776977814984100806530390928980303904567643324829022939
cb-tusargregory,29045276109909705739099788983132800203293497526339064992697950727084093792125
cb-gregory-cb,71725771843026189673269828974080935116161320932049153045974916362275429393185
cb-gregorycb,77425757322965462312557470679552580311307690732330674958613809148037892752685
neodaoist,70047580357884085664731861653790789287068457373995363253633685688999241415618
